set search_path = data, public;

-- This file is generated by the DataFiller free software.
-- This software comes without any warranty whatsoever.
-- Use at your own risk. Beware, this script may destroy your data!
-- License is GPLv3, see http://www.gnu.org/copyleft/gpl.html
-- Get latest version from http://www.coelho.net/datafiller.html

-- Data generated by: /usr/local/bin/datafiller
-- Version 2.0.1-dev (r832 on 2015-11-01)
-- For postgresql on 2020-08-17T19:40:00.852674 (UTC)
--
-- For postgresql on 2020-08-11T02:33:27.809200 (UTC)
--
-- fill table data.user (2)
\echo # filling table data.user (2)
COPY data.user (id,name,email,"password") FROM STDIN (FREEZE ON);
1	alice	alice@email.com	pass
2	bob	bob@email.com	pass
\.

-- fill table drug (6)
\echo # filling table drug (6)
COPY drug (id,name) FROM STDIN (FREEZE ON);
1	drug_1_1_1_1_1_1_1_1_1_1_1_1_1_
2	drug_2_2_2_2_2_2_2_2_2_2_2_
3	drug_3_3_3_3_3_3_3_3_3_3_3_3_3_3
4	drug_4_4_4_4_4_4_4_4_4_4_4_4
5	drug_5_5_5_5_5_5_5_5_5_5
6	drug_6_6_6_6_6_6_6_6_6_6_6_6_
\.
-- fill table order_item (9)
-- \echo # filling table order_item (9)
-- COPY order_item (id,order_id,quantity,drug_id) FROM STDIN (FREEZE ON);
-- 1	1	9	5
-- 2	1	10	3
-- 3	1	4	1
-- \.
--
-- fill table pharmacy (4)
\echo # filling table pharmacy (4)
COPY pharmacy (id,name,location) FROM STDIN (FREEZE ON);
1	pharmacy_1_1_1_1_1_1_1_1	WI
2	pharmacy_2_2_2_2_2_2_2_2	CA
3	pharmacy_3_3_3_3_3_3_3_3	NY
4	pharmacy_4_4_4_4_4_4_4_4	IL
\.
--
-- fill table inventory_item (16)
\echo # filling table inventory_item (16)
COPY inventory_item (id,cost,drug_id,pharmacy_id) FROM STDIN (FREEZE ON);
1	5	5	2
2	8	5	2
3	16	3	4
4	9	3	3
5	9	3	2
6	10	1	1
\.
--
-- restart sequences
ALTER SEQUENCE drug_id_seq RESTART WITH 7;
ALTER SEQUENCE pharmacy_id_seq RESTART WITH 5;
ALTER SEQUENCE inventory_item_id_seq RESTART WITH 17;
--
-- analyze modified tables
ANALYZE drug;
ANALYZE pharmacy;
ANALYZE inventory_item;
